{"cameraMode":{"drawMode":0,"name":"Shaded","section":"Shading Mode"},"sceneLighting":true,"audioPlay":false,"sceneViewState":{"m_AlwaysRefresh":false,"showFog":true,"showSkybox":true,"showFlares":true,"showImageEffects":true,"showParticleSystems":true,"showVisualEffectGraphs":true,"m_FxEnabled":true},"in2DMode":false,"pivot":{"x":-164.33535766601563,"y":-80.05792236328125,"z":123.23704528808594},"rotation":{"x":-0.16524730622768403,"y":0.4387235641479492,"z":-0.08380074799060822,"w":-0.8795740604400635},"size":115.36105346679688,"orthographic":false}