{"cameraMode":{"drawMode":0,"name":"Shaded","section":"Shading Mode"},"sceneLighting":true,"audioPlay":false,"sceneViewState":{"showFog":true,"showMaterialUpdate":false,"showSkybox":true,"showFlares":true,"showImageEffects":true,"showParticleSystems":true},"in2DMode":false,"pivot":{"x":1218.951904296875,"y":1041.2213134765625,"z":1826.448974609375},"rotation":{"x":-0.11196162551641464,"y":0.007411646656692028,"z":0.0012294219341129065,"w":0.9938247799873352},"size":4201.2919921875,"orthographic":false}