{"cameraMode":{"drawMode":0,"name":"Shaded","section":"Shading Mode"},"sceneLighting":true,"audioPlay":false,"sceneViewState":{"showFog":true,"showMaterialUpdate":false,"showSkybox":true,"showFlares":true,"showImageEffects":true,"showParticleSystems":true},"in2DMode":false,"pivot":{"x":693.6822509765625,"y":-258.0765075683594,"z":3915.56787109375},"rotation":{"x":0.07671816647052765,"y":-0.023903528228402139,"z":0.002164943842217326,"w":0.9969019889831543},"size":4834.58837890625,"orthographic":false}