{"cameraMode":{"drawMode":0,"name":"Shaded","section":"Shading Mode"},"sceneLighting":false,"audioPlay":false,"sceneViewState":{"showFog":true,"showMaterialUpdate":false,"showSkybox":false,"showFlares":true,"showImageEffects":true,"showParticleSystems":true},"in2DMode":false,"pivot":{"x":-103.84309387207031,"y":-34.39561080932617,"z":-371.7064208984375},"rotation":{"x":-0.006168067920953035,"y":0.9897782206535339,"z":-0.0448760986328125,"w":-0.13564081490039826},"size":392.7935485839844,"orthographic":false}